num_nodes,detection_latency,energy_per_node,network_average_energy,pdr,true_positive_rate,false_positive_rate
50,14.146396564706764,0.9482465370980075,0.9482465370980075,0.9575122417284431,0.95,0.05
100,25.198857420510567,0.9703274701957184,0.9703274701957184,0.9447073919972298,0.95,0.05
150,39.510888249337725,0.9327288192052177,0.9327288192052177,0.904235587700556,0.95,0.05
